2024-02-18 16:57:11.579353	https://www.encodeproject.org/report/?type=Experiment&control_type%21=%2A&status=released&perturbed=false&biosample_ontology.classification=cell+line&assay_title=eCLIP&target.investigated_as=RNA+binding+protein&award.rfa=ENCODE4&limit=all
ID	Accession	Assay name	Assay title	Biosample classification	Target	Target of assay	Target gene symbol	Biosample summary	Biosample term name	Dbxrefs	Description	Lab	Project	Status	Files	Related series	Biosample accession	Biological replicate	Technical replicate	Linked antibody	Organism	Life stage	Biosample age	Biosample treatment	Biosample treatment ontology ID	Biosample treatment amount	Biosample treatment amount units	Biosample treatment duration	Biosample treatment duration units	Synchronization	Post-synchronization time	Post-synchronization time units	Biosample modification site target organism	Biosample modification site introduced gene organism	Replicates	Mixed biosamples	Cellular component	Library construction platform	Library construction method
/experiments/ENCSR322HHA/	ENCSR322HHA	eCLIP	eCLIP	cell line	/targets/TIAL1-human/	TIAL1	TIAL1	Homo sapiens HepG2	HepG2	GEO:GSE177133,RBPImage:TIAL1	eCLIP experiment on HepG2 against TIAL1	Gene Yeo, UCSD	ENCODE	released	/files/ENCFF164ZGA/,/files/ENCFF959XKN/,/files/ENCFF430UQQ/,/files/ENCFF708YAL/,/files/ENCFF118ANT/,/files/ENCFF620WSX/,/files/ENCFF674HCV/,/files/ENCFF253ZDJ/,/files/ENCFF062MYF/,/files/ENCFF835AWK/,/files/ENCFF456DAU/,/files/ENCFF473IIG/,/files/ENCFF078OCN/,/files/ENCFF624IBZ/,/files/ENCFF413UKK/,/files/ENCFF902OZA/,/files/ENCFF777OKN/,/files/ENCFF080ZJK/,/files/ENCFF297REJ/,/files/ENCFF513PTO/,/files/ENCFF467UOO/,/files/ENCFF089ZJS/,/files/ENCFF302ROS/,/files/ENCFF613MXF/,/files/ENCFF387ZAH/,/files/ENCFF612HOP/		ENCBS768GCL,ENCBS575NGC	1,2	1	ENCAB050ZSG	Homo sapiens	child	15 years												/replicates/1e3c0bf8-58c9-4502-943f-9c1d4b9b4f05/,/replicates/0842505b-15dd-44ab-9378-8fdfe34f7176/				
/experiments/ENCSR734ZHL/	ENCSR734ZHL	eCLIP	eCLIP	cell line	/targets/UTP3-human/	UTP3	UTP3	Homo sapiens K562	K562	GEO:GSE177584	eCLIP experiment on K562 against UTP3	Gene Yeo, UCSD	ENCODE	released	/files/ENCFF037SFC/,/files/ENCFF901ESA/,/files/ENCFF085FSS/,/files/ENCFF612CUM/,/files/ENCFF182NRE/,/files/ENCFF317ALA/,/files/ENCFF683WHG/,/files/ENCFF237VQW/,/files/ENCFF584UPG/,/files/ENCFF979FJC/,/files/ENCFF122OMX/,/files/ENCFF739KMN/,/files/ENCFF306WLX/,/files/ENCFF712PFK/,/files/ENCFF826UUS/,/files/ENCFF612HAQ/,/files/ENCFF247UQF/,/files/ENCFF584CAL/,/files/ENCFF115DFJ/,/files/ENCFF363DGG/,/files/ENCFF484NSW/,/files/ENCFF106YFV/,/files/ENCFF832JDM/,/files/ENCFF762RZG/,/files/ENCFF669GII/,/files/ENCFF028GAJ/		ENCBS517UIR,ENCBS318IMK	2,1	1	ENCAB872CCU	Homo sapiens	adult	53 years												/replicates/87a23313-9675-4b20-9038-10db365a8a73/,/replicates/3b1565b3-7096-4a1c-8675-424a526a7607/				
/experiments/ENCSR964VOX/	ENCSR964VOX	eCLIP	eCLIP	cell line	/targets/UTP18-human/	UTP18	UTP18	Homo sapiens K562	K562	GEO:GSE177954	eCLIP experiment on K562 against UTP18	Gene Yeo, UCSD	ENCODE	released	/files/ENCFF656OVN/,/files/ENCFF386YUM/,/files/ENCFF038OVY/,/files/ENCFF795DXS/,/files/ENCFF946YXD/,/files/ENCFF724EMZ/,/files/ENCFF946PZY/,/files/ENCFF368MWK/,/files/ENCFF033CAR/,/files/ENCFF100KST/,/files/ENCFF379LHC/,/files/ENCFF014AWF/,/files/ENCFF421EUK/,/files/ENCFF049JUK/,/files/ENCFF046FNK/,/files/ENCFF211AAW/,/files/ENCFF694SHS/,/files/ENCFF148JQN/,/files/ENCFF003MPD/,/files/ENCFF252UGK/,/files/ENCFF026UJY/,/files/ENCFF353ULN/,/files/ENCFF625BWN/,/files/ENCFF757VLY/,/files/ENCFF456SOS/,/files/ENCFF783INO/		ENCBS039CVO,ENCBS505ILK	2,1	1	ENCAB362LIJ	Homo sapiens	adult	53 years												/replicates/2e97e7c7-49c4-4da0-b20e-e3b7de5bd1f9/,/replicates/1c08ceb7-e736-42cf-906a-212501dae911/				
/experiments/ENCSR018WPY/	ENCSR018WPY	eCLIP	eCLIP	cell line	/targets/AQR-human/	AQR	AQR	Homo sapiens HepG2	HepG2	RBPImage:AQR,GEO:GSE176657	eCLIP experiment on HepG2 against AQR	Gene Yeo, UCSD	ENCODE	released	/files/ENCFF019WXR/,/files/ENCFF455ERC/,/files/ENCFF166EBF/,/files/ENCFF985BEH/,/files/ENCFF615YND/,/files/ENCFF072DMC/,/files/ENCFF135VSZ/,/files/ENCFF990SEI/,/files/ENCFF886TQE/,/files/ENCFF874FLM/,/files/ENCFF016UFV/,/files/ENCFF791WOH/,/files/ENCFF817TIH/,/files/ENCFF752JLL/,/files/ENCFF882PEQ/,/files/ENCFF947JHV/,/files/ENCFF159YFB/,/files/ENCFF393QAA/,/files/ENCFF484VYD/,/files/ENCFF495SJR/,/files/ENCFF073PST/,/files/ENCFF636MSJ/,/files/ENCFF163SMI/,/files/ENCFF480KMS/,/files/ENCFF351RHN/,/files/ENCFF323PUC/		ENCBS074YUC,ENCBS575NGC	1,2	1	ENCAB609IGM	Homo sapiens	child	15 years												/replicates/0d076fa2-014d-4bb0-bea5-a715a32f3dd5/,/replicates/33487566-e92f-4ac2-9b64-964d10293cca/				
/experiments/ENCSR488JKQ/	ENCSR488JKQ	eCLIP	eCLIP	cell line	/targets/UTP18-human/	UTP18	UTP18	Homo sapiens HepG2	HepG2	GEO:GSE177414,RBPImage:UTP18	eCLIP experiment on HepG2 against UTP18	Gene Yeo, UCSD	ENCODE	released	/files/ENCFF555EML/,/files/ENCFF117YFR/,/files/ENCFF019ITV/,/files/ENCFF466WOW/,/files/ENCFF747AWV/,/files/ENCFF220TVR/,/files/ENCFF040VQS/,/files/ENCFF301DXX/,/files/ENCFF569STQ/,/files/ENCFF196OAM/,/files/ENCFF227SZN/,/files/ENCFF235ASG/,/files/ENCFF512QJQ/,/files/ENCFF002NJF/,/files/ENCFF978BQG/,/files/ENCFF511WWE/,/files/ENCFF399VCU/,/files/ENCFF701IJS/,/files/ENCFF660POU/,/files/ENCFF176YUS/,/files/ENCFF146BNV/,/files/ENCFF840HCE/,/files/ENCFF422COM/,/files/ENCFF753YJQ/,/files/ENCFF926QBW/,/files/ENCFF644EIR/		ENCBS621TAB,ENCBS492SDY	1,2	1	ENCAB362LIJ	Homo sapiens	child	15 years												/replicates/8765b04a-b9fa-4e42-9da2-45f94fbc072b/,/replicates/144b8cef-ed7d-4936-bc24-592bb72ba8b9/				
/experiments/ENCSR154CSN/	ENCSR154CSN	eCLIP	eCLIP	cell line	/targets/DDX52-human/	DDX52	DDX52	Homo sapiens K562	K562	GEO:GSE176819	eCLIP experiment on K562 against DDX52	Gene Yeo, UCSD	ENCODE	released	/files/ENCFF794QAR/,/files/ENCFF533ART/,/files/ENCFF018JZA/,/files/ENCFF592QGC/,/files/ENCFF354DPT/,/files/ENCFF698DHB/,/files/ENCFF881DWJ/,/files/ENCFF851VGO/,/files/ENCFF535QEG/,/files/ENCFF023FQH/,/files/ENCFF818KZJ/,/files/ENCFF343EUG/,/files/ENCFF636YLN/,/files/ENCFF716JEM/,/files/ENCFF529NNX/,/files/ENCFF729XQQ/,/files/ENCFF586YIZ/,/files/ENCFF059IMV/,/files/ENCFF036SXG/,/files/ENCFF328GNH/,/files/ENCFF121SHB/,/files/ENCFF508LHH/,/files/ENCFF918MTI/,/files/ENCFF687HMY/,/files/ENCFF888SME/,/files/ENCFF198ULC/		ENCBS505ILK,ENCBS175JIH	2,1	1	ENCAB607JMR	Homo sapiens	adult	53 years												/replicates/f96b99fc-c769-418b-8f17-142dc9c6281c/,/replicates/9378abe8-fca5-4771-8f22-320ed19268ab/				
/experiments/ENCSR440SUX/	ENCSR440SUX	eCLIP	eCLIP	cell line	/targets/MATR3-human/	MATR3	MATR3	Homo sapiens K562	K562	GEO:GSE177241	eCLIP experiment on K562 against MATR3	Gene Yeo, UCSD	ENCODE	released	/files/ENCFF991YSW/,/files/ENCFF365CXY/,/files/ENCFF358JCT/,/files/ENCFF806OBL/,/files/ENCFF457BSQ/,/files/ENCFF010BJI/,/files/ENCFF698OGN/,/files/ENCFF776YBU/,/files/ENCFF074EAD/,/files/ENCFF703CJM/,/files/ENCFF121ZEY/,/files/ENCFF904GOE/,/files/ENCFF055OIQ/,/files/ENCFF564DPG/,/files/ENCFF162SAS/,/files/ENCFF014KBZ/,/files/ENCFF163VTI/,/files/ENCFF356OIG/,/files/ENCFF752ZNH/,/files/ENCFF597BHN/,/files/ENCFF558RNJ/,/files/ENCFF081JME/,/files/ENCFF073KHR/,/files/ENCFF470CYN/,/files/ENCFF046VQV/,/files/ENCFF246EPM/		ENCBS039CVO,ENCBS175JIH	2,1	1	ENCAB789SRM	Homo sapiens	adult	53 years												/replicates/4abe1345-3399-474e-b608-740236ba7e74/,/replicates/b10cc8ce-24eb-40ea-93e8-06087fd0df82/				
/experiments/ENCSR256CHX/	ENCSR256CHX	eCLIP	eCLIP	cell line	/targets/PCBP1-human/	PCBP1	PCBP1	Homo sapiens HepG2	HepG2	GEO:GSE176894,RBPImage:PCBP1	eCLIP experiment on HepG2 against PCBP1	Gene Yeo, UCSD	ENCODE	released	/files/ENCFF725CBA/,/files/ENCFF125HTS/,/files/ENCFF627OUC/,/files/ENCFF973FFS/,/files/ENCFF547HEQ/,/files/ENCFF041ULU/,/files/ENCFF144ZBH/,/files/ENCFF679TMH/,/files/ENCFF964VGV/,/files/ENCFF737KHA/,/files/ENCFF252BJN/,/files/ENCFF940CJE/,/files/ENCFF208ZBZ/,/files/ENCFF121EWJ/,/files/ENCFF933ESS/,/files/ENCFF138HUE/,/files/ENCFF336LKZ/,/files/ENCFF512ADR/,/files/ENCFF469KBI/,/files/ENCFF423IFM/,/files/ENCFF914VUW/,/files/ENCFF502OYV/,/files/ENCFF163UHG/,/files/ENCFF628HQO/,/files/ENCFF108TOJ/,/files/ENCFF098REE/		ENCBS074YUC,ENCBS575NGC	1,2	1	ENCAB000BFX	Homo sapiens	child	15 years												/replicates/0365b64d-5fa4-4e5b-bf43-d02b7b94aa68/,/replicates/188b21f4-ee7d-40f0-8332-c2a8f7b2ffeb/				
/experiments/ENCSR085JPB/	ENCSR085JPB	eCLIP	eCLIP	cell line	/targets/WDR43-human/	WDR43	WDR43	Homo sapiens HepG2	HepG2	GEO:GSE176970,RBPImage:WDR43	eCLIP experiment on HepG2 against WDR43	Gene Yeo, UCSD	ENCODE	released	/files/ENCFF503AHN/,/files/ENCFF577MTW/,/files/ENCFF133XVB/,/files/ENCFF291FNE/,/files/ENCFF569JWF/,/files/ENCFF938XEE/,/files/ENCFF416VBG/,/files/ENCFF126WLG/,/files/ENCFF034IPX/,/files/ENCFF944ZRE/,/files/ENCFF868YSF/,/files/ENCFF784AMG/,/files/ENCFF069PAM/,/files/ENCFF977RCC/,/files/ENCFF847AOM/,/files/ENCFF060BRD/,/files/ENCFF884EHK/,/files/ENCFF525GUS/,/files/ENCFF362ZCB/,/files/ENCFF025FEX/,/files/ENCFF966QXZ/,/files/ENCFF014YMA/,/files/ENCFF039OIV/,/files/ENCFF177OFX/,/files/ENCFF431WWR/,/files/ENCFF945NFS/		ENCBS881CIF,ENCBS492SDY	1,2	1	ENCAB350LKS	Homo sapiens	child	15 years												/replicates/c94b624f-fc52-4651-ab7d-001bd51b0c77/,/replicates/6008ac50-9f42-490a-92b6-baeb60399da9/				
/experiments/ENCSR735HOK/	ENCSR735HOK	eCLIP	eCLIP	cell line	/targets/YBX3-human/	YBX3	YBX3	Homo sapiens HepG2	HepG2	RBPImage:YBX3,GEO:GSE177585	eCLIP experiment on HepG2 against YBX3	Gene Yeo, UCSD	ENCODE	released	/files/ENCFF428UJW/,/files/ENCFF070GQY/,/files/ENCFF594XZD/,/files/ENCFF593QXS/,/files/ENCFF843MHP/,/files/ENCFF331WIZ/,/files/ENCFF781YNK/,/files/ENCFF662AZS/,/files/ENCFF827BCE/,/files/ENCFF893OBI/,/files/ENCFF268SII/,/files/ENCFF904UKX/,/files/ENCFF124VAO/,/files/ENCFF668DJX/,/files/ENCFF148DUH/,/files/ENCFF560ZTA/,/files/ENCFF988EAZ/,/files/ENCFF730NOU/,/files/ENCFF018RDR/,/files/ENCFF771LAD/,/files/ENCFF311PHS/,/files/ENCFF401TWM/,/files/ENCFF570XZG/,/files/ENCFF165UCU/,/files/ENCFF075TIW/,/files/ENCFF185OEI/		ENCBS074YUC,ENCBS575NGC	2,1	1	ENCAB021IRD	Homo sapiens	child	15 years												/replicates/0f19b4c7-777b-46b7-8b36-a305bd6f3c5f/,/replicates/80c4493b-82d3-46ac-be95-eec864548906/				
/experiments/ENCSR202HKN/	ENCSR202HKN	eCLIP	eCLIP	cell line	/targets/WDR3-human/	WDR3	WDR3	Homo sapiens K562	K562	GEO:GSE176608	eCLIP experiment on K562 against WDR3	Gene Yeo, UCSD	ENCODE	released	/files/ENCFF915BUQ/,/files/ENCFF953XOY/,/files/ENCFF270QTE/,/files/ENCFF733LSZ/,/files/ENCFF731PVT/,/files/ENCFF444UFA/,/files/ENCFF053JDY/,/files/ENCFF096AQT/,/files/ENCFF765GUO/,/files/ENCFF593DHS/,/files/ENCFF380SYQ/,/files/ENCFF991NPH/,/files/ENCFF469DUE/,/files/ENCFF308MZK/,/files/ENCFF416OND/,/files/ENCFF372YUO/,/files/ENCFF507SLL/,/files/ENCFF474ULB/,/files/ENCFF636LWR/,/files/ENCFF426QHQ/,/files/ENCFF110QAU/,/files/ENCFF093FTO/,/files/ENCFF824USQ/,/files/ENCFF787GQZ/,/files/ENCFF215XPR/,/files/ENCFF560RWD/		ENCBS505ILK,ENCBS039CVO	1,2	1	ENCAB768ADR	Homo sapiens	adult	53 years												/replicates/d954c3de-fba2-4f46-b1bc-b5ea5fe55ae2/,/replicates/7aaef009-0ba2-4032-8a65-4b9daffb5a53/				
/experiments/ENCSR356MSW/	ENCSR356MSW	eCLIP	eCLIP	cell line	/targets/SSB-human/	SSB	SSB	Homo sapiens K562	K562	GEO:GSE177262	eCLIP experiment on K562 against SSB	Gene Yeo, UCSD	ENCODE	released	/files/ENCFF734LCT/,/files/ENCFF258RPS/,/files/ENCFF677KYJ/,/files/ENCFF676BHH/,/files/ENCFF659FQL/,/files/ENCFF022SQB/,/files/ENCFF468FTA/,/files/ENCFF411IAE/,/files/ENCFF131CHH/,/files/ENCFF805UMW/,/files/ENCFF704NUD/,/files/ENCFF871PJK/,/files/ENCFF516BAM/,/files/ENCFF289TDT/,/files/ENCFF566TDO/,/files/ENCFF205JFL/,/files/ENCFF623ASO/,/files/ENCFF732TUI/,/files/ENCFF464BIY/,/files/ENCFF118XXW/,/files/ENCFF342RHD/,/files/ENCFF203AWR/,/files/ENCFF868DYD/,/files/ENCFF903AED/,/files/ENCFF324PNB/,/files/ENCFF328KJW/		ENCBS039CVO,ENCBS505ILK	2,1	1	ENCAB214FIO	Homo sapiens	adult	53 years												/replicates/1bab8ef6-0d62-4e1b-ba8d-265cc2f9a199/,/replicates/e34c0f54-4f70-4c5b-90a6-f6a34f216873/				
/experiments/ENCSR820UYE/	ENCSR820UYE	eCLIP	eCLIP	cell line	/targets/PABPN1-human/	PABPN1	PABPN1	Homo sapiens HepG2	HepG2	GEO:GSE177843,RBPImage:PABPN1	eCLIP experiment on HepG2 against PABPN1	Gene Yeo, UCSD	ENCODE	released	/files/ENCFF937NJC/,/files/ENCFF009PZB/,/files/ENCFF049DAF/,/files/ENCFF482ULC/,/files/ENCFF441BOM/,/files/ENCFF922VHA/,/files/ENCFF831ZJY/,/files/ENCFF755RZB/,/files/ENCFF878GRC/,/files/ENCFF767IPH/,/files/ENCFF190DLZ/,/files/ENCFF927DMJ/,/files/ENCFF978BHG/,/files/ENCFF107VBS/,/files/ENCFF145LAD/,/files/ENCFF974AOE/,/files/ENCFF805VZB/,/files/ENCFF996QBV/,/files/ENCFF185CCB/,/files/ENCFF615GBE/,/files/ENCFF890DJI/,/files/ENCFF715LJJ/,/files/ENCFF544SIB/,/files/ENCFF028AVQ/,/files/ENCFF975HKC/,/files/ENCFF709FEU/		ENCBS575NGC,ENCBS768GCL	2,1	1	ENCAB032ZZR	Homo sapiens	child	15 years												/replicates/56ff3d0a-5514-4208-aaab-d4d2b98c1df5/,/replicates/80116b76-e4e4-4d78-a4b2-6824c939dc29/				
/experiments/ENCSR739VVT/	ENCSR739VVT	eCLIP	eCLIP	cell line	/targets/APOBEC3C-human/	APOBEC3C	APOBEC3C	Homo sapiens K562	K562	GEO:GSE177595	eCLIP experiment on K562 against APOBEC3C	Gene Yeo, UCSD	ENCODE	released	/files/ENCFF346VFW/,/files/ENCFF398XYR/,/files/ENCFF668IXD/,/files/ENCFF379YZG/,/files/ENCFF499WCD/,/files/ENCFF039MJO/,/files/ENCFF519AJS/,/files/ENCFF319VBB/,/files/ENCFF239THR/,/files/ENCFF436DAF/,/files/ENCFF943EZJ/,/files/ENCFF284TAX/,/files/ENCFF571IFM/,/files/ENCFF921RKR/,/files/ENCFF430LRB/,/files/ENCFF779MXW/,/files/ENCFF034NKK/,/files/ENCFF273IBF/,/files/ENCFF736YDH/,/files/ENCFF260KKZ/,/files/ENCFF713YLQ/,/files/ENCFF023SPX/,/files/ENCFF285GQG/,/files/ENCFF082VYL/,/files/ENCFF315VJK/,/files/ENCFF315EQH/,/files/ENCFF655HJD/,/files/ENCFF774VNR/,/files/ENCFF392MTE/,/files/ENCFF785OQN/,/files/ENCFF709WDL/,/files/ENCFF472CCL/		ENCBS831COV,ENCBS931MQO	1,2	1	ENCAB529HWM	Homo sapiens	adult	53 years												/replicates/b06cb0b2-9e41-477f-a481-8259a2b57ffc/,/replicates/898ed058-9c8d-40cb-a0af-27f245390665/				
/experiments/ENCSR366DGX/	ENCSR366DGX	eCLIP	eCLIP	cell line	/targets/KHSRP-human/	KHSRP	KHSRP	Homo sapiens HepG2	HepG2	GEO:GSE177285,RBPImage:KHSRP	eCLIP experiment on HepG2 against KHSRP	Gene Yeo, UCSD	ENCODE	released	/files/ENCFF950SML/,/files/ENCFF503GYR/,/files/ENCFF844XLZ/,/files/ENCFF840EOA/,/files/ENCFF464FAG/,/files/ENCFF963RSK/,/files/ENCFF226SDL/,/files/ENCFF558STP/,/files/ENCFF021EEK/,/files/ENCFF137MID/,/files/ENCFF509GWT/,/files/ENCFF891IAC/,/files/ENCFF609DDN/,/files/ENCFF830UWW/,/files/ENCFF961WNO/,/files/ENCFF701PJM/,/files/ENCFF324JVF/,/files/ENCFF992GXR/,/files/ENCFF172TOY/,/files/ENCFF906PCP/,/files/ENCFF611AHG/,/files/ENCFF988MWD/,/files/ENCFF630TDS/,/files/ENCFF573GBE/,/files/ENCFF553APP/,/files/ENCFF771QAU/		ENCBS575NGC,ENCBS074YUC	2,1	1	ENCAB531WWS	Homo sapiens	child	15 years												/replicates/78abe836-21bc-4e36-bdea-d2cccc291bd7/,/replicates/7e551308-1cad-46f7-aa29-949967d0af56/				
/experiments/ENCSR249ROI/	ENCSR249ROI	eCLIP	eCLIP	cell line	/targets/HNRNPC-human/	HNRNPC	HNRNPC	Homo sapiens K562	K562	GEO:GSE176888	eCLIP experiment on K562 against HNRNPC	Gene Yeo, UCSD	ENCODE	released	/files/ENCFF937KFG/,/files/ENCFF734JPC/,/files/ENCFF149LRA/,/files/ENCFF669MUY/,/files/ENCFF381SDJ/,/files/ENCFF669YBJ/,/files/ENCFF330MMF/,/files/ENCFF187OQS/,/files/ENCFF147RRK/,/files/ENCFF334ACF/,/files/ENCFF062LWZ/,/files/ENCFF971ZDB/,/files/ENCFF202EXL/,/files/ENCFF778YMU/,/files/ENCFF048BIQ/,/files/ENCFF935AZO/,/files/ENCFF865EZO/,/files/ENCFF749IQI/,/files/ENCFF896JOI/,/files/ENCFF214HGS/,/files/ENCFF664RLU/,/files/ENCFF526OQL/,/files/ENCFF810SWJ/,/files/ENCFF961KTO/,/files/ENCFF159HMF/,/files/ENCFF167CDB/		ENCBS039CVO,ENCBS505ILK	1,2	1	ENCAB275OHR	Homo sapiens	adult	53 years												/replicates/2dacd531-5d23-4b22-ab48-312acf3efefa/,/replicates/042f95d2-2708-4acf-8eb6-816f86b6d63f/				
/experiments/ENCSR337XGI/	ENCSR337XGI	eCLIP	eCLIP	cell line	/targets/SAFB-human/	SAFB	SAFB	Homo sapiens HepG2	HepG2	GEO:GSE177182	eCLIP experiment on HepG2 against SAFB	Gene Yeo, UCSD	ENCODE	released	/files/ENCFF040MFF/,/files/ENCFF134UTH/,/files/ENCFF272SVX/,/files/ENCFF707BBC/,/files/ENCFF255QDJ/,/files/ENCFF669OQB/,/files/ENCFF489WXE/,/files/ENCFF419KEL/,/files/ENCFF526JFL/,/files/ENCFF971JOK/,/files/ENCFF035IYP/,/files/ENCFF932VUF/,/files/ENCFF432SVT/,/files/ENCFF024XIO/,/files/ENCFF112CRX/,/files/ENCFF535RVD/,/files/ENCFF896KRQ/,/files/ENCFF667EYO/,/files/ENCFF543ZXM/,/files/ENCFF112GIE/,/files/ENCFF056OAB/,/files/ENCFF399MVB/,/files/ENCFF029LOP/,/files/ENCFF615AJW/,/files/ENCFF469SRC/,/files/ENCFF232WUE/		ENCBS768GCL,ENCBS074YUC	2,1	1	ENCAB180KRZ	Homo sapiens	child	15 years												/replicates/09ea28a2-d387-4840-89d1-9d72a34f4ef2/,/replicates/5291a388-48ad-4a47-bb18-455da3929a4b/				
/experiments/ENCSR177QQY/	ENCSR177QQY	eCLIP	eCLIP	cell line	/targets/AKAP1-human/	AKAP1	AKAP1	Homo sapiens K562	K562	GEO:GSE176883	eCLIP experiment on K562 against AKAP1	Gene Yeo, UCSD	ENCODE	released	/files/ENCFF413SVN/,/files/ENCFF916SOX/,/files/ENCFF187YLY/,/files/ENCFF013IBR/,/files/ENCFF981APU/,/files/ENCFF581UEA/,/files/ENCFF111NHE/,/files/ENCFF051CYD/,/files/ENCFF519UHQ/,/files/ENCFF928HUA/,/files/ENCFF972INE/,/files/ENCFF701BNI/,/files/ENCFF678VMJ/,/files/ENCFF321XTY/,/files/ENCFF710RUU/,/files/ENCFF016YOC/,/files/ENCFF820DWM/,/files/ENCFF625XVL/,/files/ENCFF294XKC/,/files/ENCFF719MCG/,/files/ENCFF010IOJ/,/files/ENCFF443ABK/,/files/ENCFF540EIN/,/files/ENCFF391XZA/,/files/ENCFF151ZTH/,/files/ENCFF033EFV/		ENCBS505ILK,ENCBS039CVO	2,1	1	ENCAB496QKB	Homo sapiens	adult	53 years												/replicates/e6850cb8-0261-4dbb-8119-9abfaf9525a0/,/replicates/a6730b1f-6519-4e7d-b929-1e2576c2d92b/				
/experiments/ENCSR977OXG/	ENCSR977OXG	eCLIP	eCLIP	cell line	/targets/PRPF4-human/	PRPF4	PRPF4	Homo sapiens HepG2	HepG2	GEO:GSE178004,RBPImage:PRPF4	eCLIP experiment on HepG2 against PRPF4	Gene Yeo, UCSD	ENCODE	released	/files/ENCFF601DRB/,/files/ENCFF397TFH/,/files/ENCFF041DDW/,/files/ENCFF541DXC/,/files/ENCFF714PLV/,/files/ENCFF690QDN/,/files/ENCFF344HRR/,/files/ENCFF686FQE/,/files/ENCFF104NFC/,/files/ENCFF700QBU/,/files/ENCFF270OMS/,/files/ENCFF383UPL/,/files/ENCFF727YRW/,/files/ENCFF535IJL/,/files/ENCFF404WOP/,/files/ENCFF080HMO/,/files/ENCFF224ZJZ/,/files/ENCFF394GOQ/,/files/ENCFF292ZPN/,/files/ENCFF748DMH/,/files/ENCFF335COJ/,/files/ENCFF882APR/,/files/ENCFF331HUW/,/files/ENCFF464UMO/,/files/ENCFF485KCC/,/files/ENCFF227EJF/		ENCBS768GCL,ENCBS575NGC	1,2	1	ENCAB624FBH	Homo sapiens	child	15 years												/replicates/176a94f4-37ae-4ff5-b81e-fd98362b2941/,/replicates/55cf73df-2050-4524-8b81-d99364e7d232/				
/experiments/ENCSR922WJV/	ENCSR922WJV	eCLIP	eCLIP	cell line	/targets/PCBP1-human/	PCBP1	PCBP1	Homo sapiens K562	K562	GEO:GSE177848	eCLIP experiment on K562 against PCBP1	Gene Yeo, UCSD	ENCODE	released	/files/ENCFF754BZY/,/files/ENCFF010ECT/,/files/ENCFF795GKY/,/files/ENCFF466YKR/,/files/ENCFF175YZC/,/files/ENCFF030CFW/,/files/ENCFF552AOR/,/files/ENCFF806XPW/,/files/ENCFF371IVW/,/files/ENCFF205HUD/,/files/ENCFF381ZBA/,/files/ENCFF022GSN/,/files/ENCFF869FYO/,/files/ENCFF041ETC/,/files/ENCFF345TZP/,/files/ENCFF600EPX/,/files/ENCFF734ILS/,/files/ENCFF202IKH/,/files/ENCFF363NBL/,/files/ENCFF766DUS/,/files/ENCFF868AMF/,/files/ENCFF121XCN/,/files/ENCFF274AON/,/files/ENCFF002VKC/,/files/ENCFF431FMQ/,/files/ENCFF900IOH/		ENCBS039CVO,ENCBS175JIH	2,1	1	ENCAB000BFX	Homo sapiens	adult	53 years												/replicates/c6d256e9-2a07-4f03-b47d-c2ef7a47e4a9/,/replicates/5701d34b-5b1c-4c1d-bd04-15530cf3cc57/				
/experiments/ENCSR023PKW/	ENCSR023PKW	eCLIP	eCLIP	cell line	/targets/EIF3G-human/	EIF3G	EIF3G	Homo sapiens K562	K562	GEO:GSE176676	eCLIP experiment on K562 against EIF3G	Gene Yeo, UCSD	ENCODE	released	/files/ENCFF548DYX/,/files/ENCFF627GSD/,/files/ENCFF908IVH/,/files/ENCFF364MMW/,/files/ENCFF613CYM/,/files/ENCFF083KKV/,/files/ENCFF031UFI/,/files/ENCFF639CRA/,/files/ENCFF958RJQ/,/files/ENCFF259ZQR/,/files/ENCFF362BDI/,/files/ENCFF258VPL/,/files/ENCFF570LAY/,/files/ENCFF743RET/,/files/ENCFF724QGF/,/files/ENCFF605PZM/,/files/ENCFF732EGK/,/files/ENCFF897PMP/,/files/ENCFF813DFW/,/files/ENCFF692DXH/,/files/ENCFF369RBP/,/files/ENCFF388GZP/,/files/ENCFF827LVH/,/files/ENCFF523PRE/,/files/ENCFF534ONM/,/files/ENCFF634UAC/		ENCBS505ILK,ENCBS175JIH	2,1	1	ENCAB042JJK	Homo sapiens	adult	53 years												/replicates/ef054986-efdf-429b-aae7-01a540be7bee/,/replicates/f5ccd477-48f8-46e3-b0e2-f9be430cfdcc/				
/experiments/ENCSR046JHH/	ENCSR046JHH	eCLIP	eCLIP	cell line	/targets/CPEB4-human/	CPEB4	CPEB4	Homo sapiens K562	K562	GEO:GSE176767	eCLIP experiment on K562 against CPEB4	Gene Yeo, UCSD	ENCODE	released	/files/ENCFF764VBB/,/files/ENCFF445MTV/,/files/ENCFF423MRZ/,/files/ENCFF854FIH/,/files/ENCFF165CFI/,/files/ENCFF161SFX/,/files/ENCFF874CIU/,/files/ENCFF655ROH/,/files/ENCFF684MMZ/,/files/ENCFF075LPL/,/files/ENCFF379DBY/,/files/ENCFF104VMP/,/files/ENCFF180DLO/,/files/ENCFF998YKL/,/files/ENCFF038VZO/,/files/ENCFF216ENA/,/files/ENCFF508FXQ/,/files/ENCFF718OFC/,/files/ENCFF231USX/,/files/ENCFF402FOP/,/files/ENCFF370BLG/,/files/ENCFF976VFC/,/files/ENCFF462NKY/,/files/ENCFF903OOM/,/files/ENCFF153CMF/,/files/ENCFF665BGJ/		ENCBS505ILK,ENCBS039CVO	2,1	1	ENCAB442TOR	Homo sapiens	adult	53 years												/replicates/902cb1f0-2999-472e-9d28-7eccc1e6e55b/,/replicates/eaddf41b-18fc-4712-8a22-628ac3dce92b/				
/experiments/ENCSR356ZMO/	ENCSR356ZMO	eCLIP	eCLIP	cell line	/targets/AKAP1-human/	AKAP1	AKAP1	Homo sapiens HepG2	HepG2	GEO:GSE177266,RBPImage:AKAP1	eCLIP experiment on HepG2 against AKAP1	Gene Yeo, UCSD	ENCODE	released	/files/ENCFF852ECZ/,/files/ENCFF672HYO/,/files/ENCFF990EAG/,/files/ENCFF075DAU/,/files/ENCFF430MTS/,/files/ENCFF847SYN/,/files/ENCFF351AQY/,/files/ENCFF473TXX/,/files/ENCFF776AQI/,/files/ENCFF413QOV/,/files/ENCFF271UXH/,/files/ENCFF807KPM/,/files/ENCFF509CIP/,/files/ENCFF523YBN/,/files/ENCFF127MXD/,/files/ENCFF780HTF/,/files/ENCFF882JAU/,/files/ENCFF382JHI/,/files/ENCFF210MSW/,/files/ENCFF810DIK/,/files/ENCFF739ERP/,/files/ENCFF233BIC/,/files/ENCFF122EAJ/,/files/ENCFF416NDI/,/files/ENCFF575BCP/,/files/ENCFF749IUB/		ENCBS074YUC,ENCBS575NGC	2,1	1	ENCAB496QKB	Homo sapiens	child	15 years												/replicates/0dc3b2da-7be2-4bdc-9d7e-31b6ee18a717/,/replicates/789d68b1-1ece-4506-9002-7d884e7a2c82/				
/experiments/ENCSR958FKZ/	ENCSR958FKZ	eCLIP	eCLIP	cell line	/targets/PABPC4-human/	PABPC4	PABPC4	Homo sapiens K562	K562	GEO:GSE177941	eCLIP experiment on K562 against PABPC4	Gene Yeo, UCSD	ENCODE	released	/files/ENCFF662IWF/,/files/ENCFF484RUL/,/files/ENCFF440SQF/,/files/ENCFF478YTR/,/files/ENCFF047TLS/,/files/ENCFF953EUQ/,/files/ENCFF006AVT/,/files/ENCFF707JVN/,/files/ENCFF087JUK/,/files/ENCFF513VQU/,/files/ENCFF463ZSJ/,/files/ENCFF772SPP/,/files/ENCFF577BEF/,/files/ENCFF363FQC/,/files/ENCFF692YDC/,/files/ENCFF551NSA/,/files/ENCFF990TDV/,/files/ENCFF745TLR/,/files/ENCFF652YFU/,/files/ENCFF446CWO/,/files/ENCFF559XNJ/,/files/ENCFF787HQF/,/files/ENCFF956PEQ/,/files/ENCFF778LEH/,/files/ENCFF192JKW/,/files/ENCFF452MJL/		ENCBS931MQO,ENCBS489LOC	1,2	1	ENCAB596MHX	Homo sapiens	adult	53 years												/replicates/c7af6e48-1cfc-4243-8ff5-2ae514e3721d/,/replicates/4f562f19-054b-4445-93d8-185b2e266675/				
/experiments/ENCSR187VEQ/	ENCSR187VEQ	eCLIP	eCLIP	cell line	/targets/TARDBP-human/	TARDBP	TARDBP	Homo sapiens HepG2	HepG2		eCLIP experiment on HepG2 against TARDBP	Gene Yeo, UCSD	ENCODE	released	/files/ENCFF868WQR/,/files/ENCFF137LSG/,/files/ENCFF958TEE/,/files/ENCFF174CYH/,/files/ENCFF792QOH/,/files/ENCFF918MZV/,/files/ENCFF782SZT/,/files/ENCFF432XFH/,/files/ENCFF235GOJ/,/files/ENCFF504BRQ/,/files/ENCFF945MEA/,/files/ENCFF896PLI/,/files/ENCFF421FJD/,/files/ENCFF626XAA/,/files/ENCFF673QBV/,/files/ENCFF644MXY/,/files/ENCFF992HVN/,/files/ENCFF530VDN/		ENCBS133LVQ,ENCBS768GCL	1,2	1	ENCAB349KOV	Homo sapiens	child	15 years												/replicates/102d934d-9a23-4855-96b5-589c3efafa81/,/replicates/97dc8dbd-98d5-4bdf-87f3-305c3d206ad4/				
/experiments/ENCSR379GZS/	ENCSR379GZS	eCLIP	eCLIP	cell line	/targets/NSUN2-human/	NSUN2	NSUN2	Homo sapiens HepG2	HepG2		eCLIP experiment on HepG2 against NSUN2	Gene Yeo, UCSD	ENCODE	released	/files/ENCFF311FHF/,/files/ENCFF143ZYE/,/files/ENCFF960IGR/,/files/ENCFF553TKS/,/files/ENCFF261FNR/,/files/ENCFF141HNK/,/files/ENCFF546MTC/,/files/ENCFF632DPB/,/files/ENCFF937UPG/,/files/ENCFF250RWP/,/files/ENCFF788VGM/,/files/ENCFF765MAJ/,/files/ENCFF551OMA/,/files/ENCFF823FHE/,/files/ENCFF642QVZ/,/files/ENCFF593XEF/,/files/ENCFF782AIF/,/files/ENCFF115XAG/		ENCBS133LVQ,ENCBS859DVG	1,2	1	ENCAB610PKS	Homo sapiens	child	15 years												/replicates/366d6377-9875-4bbe-ae3b-6d0753a513b8/,/replicates/f7446a34-7314-450b-a35a-5d9a9f0b426c/				
/experiments/ENCSR720BJU/	ENCSR720BJU	eCLIP	eCLIP	cell line	/targets/TARDBP-human/	TARDBP	TARDBP	Homo sapiens K562	K562		eCLIP experiment on K562 against TARDBP	Gene Yeo, UCSD	ENCODE	released	/files/ENCFF673VEJ/,/files/ENCFF679SNJ/,/files/ENCFF946DDI/,/files/ENCFF862SNV/,/files/ENCFF198BGK/,/files/ENCFF748KMS/,/files/ENCFF195OTD/,/files/ENCFF909NAM/,/files/ENCFF848FSN/,/files/ENCFF518YAZ/,/files/ENCFF003HLV/,/files/ENCFF214TBL/,/files/ENCFF381KTD/,/files/ENCFF265XPM/,/files/ENCFF593RED/,/files/ENCFF720KXG/,/files/ENCFF164XWU/,/files/ENCFF196UFB/		ENCBS344MAK,ENCBS177POD	1,2	1	ENCAB349KOV	Homo sapiens	adult	53 years												/replicates/b3f62057-b1a2-47ee-8ce6-723570fbb60a/,/replicates/bc4c2e3d-1c70-4c65-bac0-16d59fcaaabf/				
/experiments/ENCSR293FWY/	ENCSR293FWY	eCLIP	eCLIP	cell line	/targets/DDX1-human/	DDX1	DDX1	Homo sapiens K562	K562		eCLIP experiment on K562 against DDX1	Gene Yeo, UCSD	ENCODE	released	/files/ENCFF926UWX/,/files/ENCFF507WKA/,/files/ENCFF483TEX/,/files/ENCFF171YQS/,/files/ENCFF484APP/,/files/ENCFF184QVM/,/files/ENCFF597KCH/,/files/ENCFF878QES/,/files/ENCFF037YQK/,/files/ENCFF790WYG/,/files/ENCFF788XWZ/,/files/ENCFF490IGM/,/files/ENCFF535FFL/,/files/ENCFF494PHH/,/files/ENCFF007VPS/,/files/ENCFF619DGS/,/files/ENCFF776LMZ/,/files/ENCFF125SFW/		ENCBS592SHU,ENCBS505ILK	1,2	1	ENCAB741VRO	Homo sapiens	adult	53 years												/replicates/bc2fe9f8-5def-41be-ab40-0250df104237/,/replicates/d296dff7-169e-4cb8-9ddf-57bfb87b1ef4/				
/experiments/ENCSR819XBT/	ENCSR819XBT	eCLIP	eCLIP	cell line	/targets/AATF-human/	AATF	AATF	Homo sapiens K562	K562	GEO:GSE177838	eCLIP experiment on K562 against AATF	Gene Yeo, UCSD	ENCODE	released	/files/ENCFF057BVQ/,/files/ENCFF268XIQ/,/files/ENCFF647ZMG/,/files/ENCFF990ZCZ/,/files/ENCFF783AKB/,/files/ENCFF906MGJ/,/files/ENCFF123JMS/,/files/ENCFF228NKX/,/files/ENCFF370NUA/,/files/ENCFF635KBS/,/files/ENCFF415HBM/,/files/ENCFF715LDJ/,/files/ENCFF009KOU/,/files/ENCFF116CFF/,/files/ENCFF473EVT/,/files/ENCFF645UGJ/,/files/ENCFF681TZF/,/files/ENCFF197MAL/,/files/ENCFF745OPH/,/files/ENCFF372WIF/,/files/ENCFF349HTU/,/files/ENCFF931DET/,/files/ENCFF514KIW/,/files/ENCFF978PBJ/,/files/ENCFF969VIX/,/files/ENCFF955LYD/		ENCBS318IMK,ENCBS517UIR	1,2	1	ENCAB064GNR	Homo sapiens	adult	53 years												/replicates/6900473c-3759-4781-89e6-08a9214e83d7/,/replicates/6c7628ad-25a0-4780-a2c2-07c6728b40b8/				
/experiments/ENCSR484LAB/	ENCSR484LAB	eCLIP	eCLIP	cell line	/targets/SAFB-human/	SAFB	SAFB	Homo sapiens K562	K562	GEO:GSE177397	eCLIP experiment on K562 against SAFB	Gene Yeo, UCSD	ENCODE	released	/files/ENCFF198ESK/,/files/ENCFF484YDH/,/files/ENCFF983WHV/,/files/ENCFF607DEZ/,/files/ENCFF759SQV/,/files/ENCFF251LGV/,/files/ENCFF873GYP/,/files/ENCFF749GVN/,/files/ENCFF127IJD/,/files/ENCFF247JMS/,/files/ENCFF639MAG/,/files/ENCFF407GVQ/,/files/ENCFF966QLX/,/files/ENCFF831IUW/,/files/ENCFF722JMT/,/files/ENCFF973VXO/,/files/ENCFF662PGM/,/files/ENCFF686FKT/,/files/ENCFF929GHQ/,/files/ENCFF514SFZ/,/files/ENCFF417KUY/,/files/ENCFF948MKY/,/files/ENCFF067WCL/,/files/ENCFF397KME/,/files/ENCFF934PXE/,/files/ENCFF953WTP/		ENCBS175JIH,ENCBS039CVO	1,2	1	ENCAB180KRZ	Homo sapiens	adult	53 years												/replicates/847dce93-33e5-4707-bcaa-22cca27ce812/,/replicates/503d5e26-cd93-4162-acdb-41ee28509fb0/				
/experiments/ENCSR721HPX/	ENCSR721HPX	eCLIP	eCLIP	cell line	/targets/G3BP1-human/	G3BP1	G3BP1	Homo sapiens HepG2	HepG2	GEO:GSE177552,RBPImage:G3BP1	eCLIP experiment on HepG2 against G3BP1	Gene Yeo, UCSD	ENCODE	released	/files/ENCFF557CZU/,/files/ENCFF486NTL/,/files/ENCFF342WGS/,/files/ENCFF065SWB/,/files/ENCFF564AEK/,/files/ENCFF340DMM/,/files/ENCFF482DGA/,/files/ENCFF042TNT/,/files/ENCFF705PQT/,/files/ENCFF052VSF/,/files/ENCFF934JFZ/,/files/ENCFF165JYX/,/files/ENCFF792NCE/,/files/ENCFF575JDL/,/files/ENCFF395MJO/,/files/ENCFF288LEG/,/files/ENCFF180AUP/,/files/ENCFF015CYW/,/files/ENCFF074GKB/,/files/ENCFF234EDT/,/files/ENCFF506GKX/,/files/ENCFF205KCK/,/files/ENCFF751SPV/,/files/ENCFF900DXH/,/files/ENCFF963CVD/,/files/ENCFF899HHP/		ENCBS074YUC,ENCBS575NGC	1,2	1	ENCAB411RDE	Homo sapiens	child	15 years												/replicates/41a9cf1f-3bd9-4032-b37b-93fb971ec198/,/replicates/3b13cf64-b91f-4a5e-8cf9-77784496a7bd/				
/experiments/ENCSR145NLR/	ENCSR145NLR	eCLIP	eCLIP	cell line	/targets/DDX51-human/	DDX51	DDX51	Homo sapiens K562	K562	GEO:GSE176773	eCLIP experiment on K562 against DDX51	Gene Yeo, UCSD	ENCODE	released	/files/ENCFF447BHR/,/files/ENCFF402STK/,/files/ENCFF258EAW/,/files/ENCFF143MWR/,/files/ENCFF536UEG/,/files/ENCFF924PFV/,/files/ENCFF563HWS/,/files/ENCFF633XON/,/files/ENCFF421HDU/,/files/ENCFF100CNX/,/files/ENCFF475ZZT/,/files/ENCFF042FAB/,/files/ENCFF420FBX/,/files/ENCFF998TMB/,/files/ENCFF486XDM/,/files/ENCFF931ZGZ/,/files/ENCFF582OJZ/,/files/ENCFF072MQR/,/files/ENCFF230UVW/,/files/ENCFF286QNA/,/files/ENCFF965UZI/,/files/ENCFF584CZB/,/files/ENCFF146YPF/,/files/ENCFF323COR/,/files/ENCFF827UJU/,/files/ENCFF799ERK/		ENCBS175JIH,ENCBS505ILK	1,2	1	ENCAB820ZVZ	Homo sapiens	adult	53 years												/replicates/ca570d29-6884-4d5a-8f58-19444e45ba4e/,/replicates/6119c02b-6450-4c4f-8e89-0739a01b8909/				
/experiments/ENCSR693JWP/	ENCSR693JWP	eCLIP	eCLIP	cell line	/targets/EXOSC5-human/	EXOSC5	EXOSC5	Homo sapiens HepG2	HepG2	GEO:GSE177775	eCLIP experiment on HepG2 against EXOSC5	Gene Yeo, UCSD	ENCODE	released	/files/ENCFF173ODI/,/files/ENCFF507EGU/,/files/ENCFF144JVB/,/files/ENCFF535JNJ/,/files/ENCFF266WCQ/,/files/ENCFF719QKB/,/files/ENCFF458WEG/,/files/ENCFF799WXY/,/files/ENCFF120LSF/,/files/ENCFF360EQG/,/files/ENCFF463OVP/,/files/ENCFF216VBT/,/files/ENCFF353IMQ/,/files/ENCFF405ERW/,/files/ENCFF449CHK/,/files/ENCFF873GTO/,/files/ENCFF726PXN/,/files/ENCFF936FCK/,/files/ENCFF094VSP/,/files/ENCFF824WZJ/,/files/ENCFF108FMS/,/files/ENCFF347UPZ/,/files/ENCFF937QJB/,/files/ENCFF578XQC/,/files/ENCFF603RJN/,/files/ENCFF165IYB/,/files/ENCFF050JGG/,/files/ENCFF383ASP/,/files/ENCFF622OZH/,/files/ENCFF735QHY/,/files/ENCFF261AZU/,/files/ENCFF862EKD/		ENCBS074YUC,ENCBS575NGC	1,2	1	ENCAB480FQK	Homo sapiens	child	15 years												/replicates/2499f44e-4241-4eb8-9065-71e1f82bbe8f/,/replicates/f90c9824-4984-4d20-a249-d06673362c4e/				
/experiments/ENCSR979EWD/	ENCSR979EWD	eCLIP	eCLIP	cell line	/targets/STAU2-human/	STAU2	STAU2	Homo sapiens HepG2	HepG2	GEO:GSE178014	eCLIP experiment on HepG2 against STAU2	Gene Yeo, UCSD	ENCODE	released	/files/ENCFF920RKR/,/files/ENCFF048PWH/,/files/ENCFF366NPD/,/files/ENCFF709VHF/,/files/ENCFF884DMT/,/files/ENCFF694MAN/,/files/ENCFF382AIQ/,/files/ENCFF446NFS/,/files/ENCFF648BIE/,/files/ENCFF659GPS/,/files/ENCFF022VMG/,/files/ENCFF357LSF/,/files/ENCFF169YHS/,/files/ENCFF425OKT/,/files/ENCFF314FTK/,/files/ENCFF879BYO/,/files/ENCFF792GQD/,/files/ENCFF559ATC/,/files/ENCFF992ALD/,/files/ENCFF202ITE/,/files/ENCFF591CBW/,/files/ENCFF734LHC/,/files/ENCFF197UHX/,/files/ENCFF061SBF/,/files/ENCFF788LMZ/,/files/ENCFF678FCX/		ENCBS492SDY,ENCBS621TAB	2,1	1	ENCAB995HZA	Homo sapiens	child	15 years												/replicates/795f24ff-1af8-446d-8f88-dffa19600fff/,/replicates/e09d8004-23f5-4ac1-9509-14b0c2de31f9/				
/experiments/ENCSR361OCV/	ENCSR361OCV	eCLIP	eCLIP	cell line	/targets/NIP7-human/	NIP7	NIP7	Homo sapiens HepG2	HepG2	GEO:GSE177279,RBPImage:NIP7	eCLIP experiment on HepG2 against NIP7	Gene Yeo, UCSD	ENCODE	released	/files/ENCFF260EIZ/,/files/ENCFF125GZY/,/files/ENCFF427MET/,/files/ENCFF134AMO/,/files/ENCFF251ZRM/,/files/ENCFF048BEP/,/files/ENCFF157MHL/,/files/ENCFF779WAQ/,/files/ENCFF649OFM/,/files/ENCFF532HBV/,/files/ENCFF077RVD/,/files/ENCFF527MFS/,/files/ENCFF122OZU/,/files/ENCFF677VIX/,/files/ENCFF216MCK/,/files/ENCFF169ABN/,/files/ENCFF105OHO/,/files/ENCFF068VHN/,/files/ENCFF318WQO/,/files/ENCFF474VRK/,/files/ENCFF204THM/,/files/ENCFF501GXB/,/files/ENCFF060MIC/,/files/ENCFF620URI/,/files/ENCFF955VYD/,/files/ENCFF033MGP/		ENCBS074YUC,ENCBS575NGC	2,1	1	ENCAB696XOD	Homo sapiens	child	15 years												/replicates/c72290ef-072f-4b2c-94f6-44b3afb16982/,/replicates/a88158f4-9531-4cf5-939d-25db2a6a2cb3/				
/experiments/ENCSR647HOX/	ENCSR647HOX	eCLIP	eCLIP	cell line	/targets/HLTF-human/	HLTF	HLTF	Homo sapiens HepG2	HepG2	GEO:GSE177673,RBPImage:HLTF	eCLIP experiment on HepG2 against HLTF	Gene Yeo, UCSD	ENCODE	released	/files/ENCFF255ZCV/,/files/ENCFF992EIC/,/files/ENCFF150BXG/,/files/ENCFF622ZDB/,/files/ENCFF773TEB/,/files/ENCFF748PZV/,/files/ENCFF803VYU/,/files/ENCFF364NWX/,/files/ENCFF541TNR/,/files/ENCFF992HAM/,/files/ENCFF250KNJ/,/files/ENCFF490MGU/,/files/ENCFF435YXZ/,/files/ENCFF275AVL/,/files/ENCFF293ZZT/,/files/ENCFF757PDP/,/files/ENCFF174WGM/,/files/ENCFF414EIL/,/files/ENCFF552BMC/,/files/ENCFF050VIB/,/files/ENCFF252MTE/,/files/ENCFF991OSY/,/files/ENCFF497PQA/,/files/ENCFF211XSC/,/files/ENCFF410XHF/,/files/ENCFF048FDF/		ENCBS074YUC,ENCBS621TAB	2,1	1	ENCAB902OZZ	Homo sapiens	child	15 years												/replicates/6a1f892f-ee53-4f02-b5fb-ae951770351b/,/replicates/d785fcb0-25ed-4376-879e-699f76971039/				
/experiments/ENCSR970FEW/	ENCSR970FEW	eCLIP	eCLIP	cell line	/targets/DDX52-human/	DDX52	DDX52	Homo sapiens HepG2	HepG2	RBPImage:DDX52,GEO:GSE177974	eCLIP experiment on HepG2 against DDX52	Gene Yeo, UCSD	ENCODE	released	/files/ENCFF479WLK/,/files/ENCFF560TLH/,/files/ENCFF522NFJ/,/files/ENCFF939HML/,/files/ENCFF356MCF/,/files/ENCFF879GTY/,/files/ENCFF504QEC/,/files/ENCFF299YXS/,/files/ENCFF945OFF/,/files/ENCFF953HPK/,/files/ENCFF591WOA/,/files/ENCFF539JUN/,/files/ENCFF162FCY/,/files/ENCFF037HRM/,/files/ENCFF340WIB/,/files/ENCFF618EON/,/files/ENCFF480SDO/,/files/ENCFF288FUX/,/files/ENCFF408KBS/,/files/ENCFF599ZVK/,/files/ENCFF013SWN/,/files/ENCFF563XEI/,/files/ENCFF684ITO/,/files/ENCFF360FIN/,/files/ENCFF257KKQ/,/files/ENCFF005GER/		ENCBS621TAB,ENCBS074YUC	1,2	1	ENCAB607JMR	Homo sapiens	child	15 years												/replicates/19d0f93e-78c2-4ac5-9adc-fcad1d5bad5e/,/replicates/fef9004b-b4cf-4ab7-99b5-feed06a3b355/				
/experiments/ENCSR308YNT/	ENCSR308YNT	eCLIP	eCLIP	cell line	/targets/PUM1-human/	PUM1	PUM1	Homo sapiens K562	K562	GEO:GSE177111	eCLIP experiment on K562 against PUM1	Gene Yeo, UCSD	ENCODE	released	/files/ENCFF046QBX/,/files/ENCFF116YKN/,/files/ENCFF019LLG/,/files/ENCFF353ZJC/,/files/ENCFF463VDB/,/files/ENCFF353WDF/,/files/ENCFF504KGD/,/files/ENCFF123VNX/,/files/ENCFF369TUQ/,/files/ENCFF183BXI/,/files/ENCFF933SBL/,/files/ENCFF060XYT/,/files/ENCFF322IKX/,/files/ENCFF311WSE/,/files/ENCFF064COB/,/files/ENCFF583QFB/,/files/ENCFF004UZD/,/files/ENCFF868WSG/,/files/ENCFF425EDT/,/files/ENCFF802ZLH/,/files/ENCFF022IWU/,/files/ENCFF620UYD/,/files/ENCFF835JOX/,/files/ENCFF143ACO/,/files/ENCFF969AOQ/,/files/ENCFF094MQV/		ENCBS039CVO,ENCBS505ILK	1,2	1	ENCAB744LEE	Homo sapiens	adult	53 years												/replicates/ca61dadf-baf9-42ca-a804-0eb469e1e623/,/replicates/76aacef9-3b05-4dd7-8a9c-5af04b2979a9/				
/experiments/ENCSR606BPV/	ENCSR606BPV	eCLIP	eCLIP	cell line	/targets/AQR-human/	AQR	AQR	Homo sapiens K562	K562	GEO:GSE177523	eCLIP experiment on K562 against AQR	Gene Yeo, UCSD	ENCODE	released	/files/ENCFF053NWA/,/files/ENCFF761MCX/,/files/ENCFF300ZIN/,/files/ENCFF441OJX/,/files/ENCFF235BMH/,/files/ENCFF345VSH/,/files/ENCFF134ZFX/,/files/ENCFF098SCJ/,/files/ENCFF466DMQ/,/files/ENCFF333ERO/,/files/ENCFF325SFV/,/files/ENCFF465QKS/,/files/ENCFF166SON/,/files/ENCFF461ZQQ/,/files/ENCFF374DAW/,/files/ENCFF436KLO/,/files/ENCFF363DGM/,/files/ENCFF535SIF/,/files/ENCFF573NET/,/files/ENCFF544NMT/,/files/ENCFF240IEE/,/files/ENCFF620JUD/,/files/ENCFF206SFN/,/files/ENCFF499TGS/,/files/ENCFF400KYS/,/files/ENCFF949QGM/		ENCBS175JIH,ENCBS505ILK	1,2	1	ENCAB609IGM	Homo sapiens	adult	53 years												/replicates/e77ede38-6189-4f95-9b11-99fdc16a27aa/,/replicates/326c5a93-c8f0-4f08-98c4-fd3c16dd9b85/				
/experiments/ENCSR089BXO/	ENCSR089BXO	eCLIP	eCLIP	cell line	/targets/ABCF1-human/	ABCF1	ABCF1	Homo sapiens K562	K562	GEO:GSE176976	eCLIP experiment on K562 against ABCF1	Gene Yeo, UCSD	ENCODE	released	/files/ENCFF087VMD/,/files/ENCFF241MTQ/,/files/ENCFF212LWQ/,/files/ENCFF781LAN/,/files/ENCFF203DRR/,/files/ENCFF906OCW/,/files/ENCFF521WPY/,/files/ENCFF361IIP/,/files/ENCFF832LUT/,/files/ENCFF424BDA/,/files/ENCFF376NBT/,/files/ENCFF332BZR/,/files/ENCFF761ZBZ/,/files/ENCFF307DZF/,/files/ENCFF983ABI/,/files/ENCFF811EXB/,/files/ENCFF414SIN/,/files/ENCFF470BUE/,/files/ENCFF070VGS/,/files/ENCFF090YWS/,/files/ENCFF300YSV/,/files/ENCFF489WZV/,/files/ENCFF010PPR/,/files/ENCFF504NOI/,/files/ENCFF929AVT/,/files/ENCFF941GJK/		ENCBS505ILK,ENCBS039CVO	1,2	1	ENCAB710VED	Homo sapiens	adult	53 years												/replicates/3cf77752-5ff2-4f16-9304-c5345c100bcf/,/replicates/90b1086f-91d6-477f-8cca-1c95b7d1f174/				
/experiments/ENCSR352STY/	ENCSR352STY	eCLIP	eCLIP	cell line	/targets/SSB-human/	SSB	SSB	Homo sapiens HepG2	HepG2	RBPImage:SSB,GEO:GSE177242	eCLIP experiment on HepG2 against SSB	Gene Yeo, UCSD	ENCODE	released	/files/ENCFF527CYH/,/files/ENCFF916XEL/,/files/ENCFF120ZCK/,/files/ENCFF432KDL/,/files/ENCFF746AWW/,/files/ENCFF856EEK/,/files/ENCFF383JPP/,/files/ENCFF329OZW/,/files/ENCFF575EPO/,/files/ENCFF934BKN/,/files/ENCFF828WCR/,/files/ENCFF746RLH/,/files/ENCFF763VGI/,/files/ENCFF571EFF/,/files/ENCFF343FAD/,/files/ENCFF264DBW/,/files/ENCFF242WIV/,/files/ENCFF073JBT/,/files/ENCFF079NYX/,/files/ENCFF681BGR/,/files/ENCFF097KHT/,/files/ENCFF697NZQ/,/files/ENCFF689JPE/,/files/ENCFF889CTF/,/files/ENCFF565RQI/,/files/ENCFF848JWA/		ENCBS575NGC,ENCBS074YUC	1,2	1	ENCAB214FIO	Homo sapiens	child	15 years												/replicates/6951246e-c7fa-4fcc-80e0-d735c6075099/,/replicates/8d07c6e2-0fac-49a0-81e1-410ac467750f/				
/experiments/ENCSR521GON/	ENCSR521GON	eCLIP	eCLIP	cell line	/targets/EXOSC10-human/	EXOSC10	EXOSC10	Homo sapiens K562	K562		eCLIP experiment on K562 against EXOSC10	Gene Yeo, UCSD	ENCODE	released	/files/ENCFF219AFL/,/files/ENCFF538WWX/,/files/ENCFF856GQF/,/files/ENCFF338WDB/,/files/ENCFF667MZG/,/files/ENCFF267USI/,/files/ENCFF587MYC/,/files/ENCFF598IUA/,/files/ENCFF332TUN/,/files/ENCFF541MVG/,/files/ENCFF501LBN/,/files/ENCFF852QAD/,/files/ENCFF053PAM/,/files/ENCFF448LBY/,/files/ENCFF663WYH/,/files/ENCFF607UEV/,/files/ENCFF486PWI/,/files/ENCFF311XEJ/		ENCBS175JIH,ENCBS592SHU	1,2	1	ENCAB270KRD	Homo sapiens	adult	53 years												/replicates/8627c45b-1f8d-42fc-8e3a-1a06a7ed6b70/,/replicates/688e16d4-a6db-4419-80a7-67cfa311c0e3/				
/experiments/ENCSR440MSY/	ENCSR440MSY	eCLIP	eCLIP	cell line	/targets/ELAC2-human/	ELAC2	ELAC2	Homo sapiens K562	K562		eCLIP experiment on K562 against ELAC2	Gene Yeo, UCSD	ENCODE	released	/files/ENCFF908GRB/,/files/ENCFF893MRC/,/files/ENCFF811PSC/,/files/ENCFF871ZNQ/,/files/ENCFF726IYX/,/files/ENCFF121HUI/,/files/ENCFF382ERX/,/files/ENCFF257IJD/,/files/ENCFF313HFG/,/files/ENCFF731IGL/,/files/ENCFF397BRB/,/files/ENCFF958IRA/,/files/ENCFF713MUH/,/files/ENCFF526ZZK/,/files/ENCFF850ZSC/,/files/ENCFF454CZU/,/files/ENCFF732ZAY/,/files/ENCFF641FTO/		ENCBS175JIH,ENCBS592SHU	1,2	1	ENCAB519QXK	Homo sapiens	adult	53 years												/replicates/9bd2dd2d-0311-439c-933d-c9c305ca09b2/,/replicates/b4913b8b-fc57-4f61-b82c-cf1f36f06394/				
/experiments/ENCSR498DQS/	ENCSR498DQS	eCLIP	eCLIP	cell line	/targets/METTL1-human/	METTL1	METTL1	Homo sapiens K562	K562		eCLIP experiment on K562 against METTL1	Gene Yeo, UCSD	ENCODE	released	/files/ENCFF924RUW/,/files/ENCFF459PMF/,/files/ENCFF558ZVR/,/files/ENCFF923EBZ/,/files/ENCFF163QHZ/,/files/ENCFF170CLJ/,/files/ENCFF104HUS/,/files/ENCFF925WPG/,/files/ENCFF046STR/,/files/ENCFF320TZU/,/files/ENCFF990ODU/,/files/ENCFF116STD/,/files/ENCFF075MZV/,/files/ENCFF618DYL/,/files/ENCFF125IDN/,/files/ENCFF044GUK/,/files/ENCFF244WSF/,/files/ENCFF599AZP/		ENCBS592SHU,ENCBS175JIH	2,1	1	ENCAB061GXO	Homo sapiens	adult	53 years												/replicates/e050794d-74a0-4c18-90c7-e9aea85501bc/,/replicates/9d57f717-c23d-46a0-856e-8ab01712189c/				
/experiments/ENCSR497XZI/	ENCSR497XZI	eCLIP	eCLIP	cell line	/targets/MBNL1-human/	MBNL1	MBNL1	Homo sapiens K562	K562		eCLIP experiment on K562 against MBNL1	Gene Yeo, UCSD	ENCODE	released	/files/ENCFF508CMO/,/files/ENCFF287XKI/,/files/ENCFF060CWR/,/files/ENCFF452ZSY/,/files/ENCFF400SGM/,/files/ENCFF380QZK/,/files/ENCFF288KYP/,/files/ENCFF520QOD/,/files/ENCFF536EQM/,/files/ENCFF441KZY/,/files/ENCFF917NLI/,/files/ENCFF424GEO/,/files/ENCFF486BAF/,/files/ENCFF099ZBH/,/files/ENCFF603WDI/,/files/ENCFF410GFP/,/files/ENCFF197KGL/,/files/ENCFF178XWA/		ENCBS344MAK,ENCBS177POD	2,1	1	ENCAB328AVR	Homo sapiens	adult	53 years												/replicates/8e0c7104-ad0c-41d4-abae-e8f44aa550cb/,/replicates/9103fa25-d537-4a64-a030-0b037c258e3f/				
/experiments/ENCSR750YOM/	ENCSR750YOM	eCLIP	eCLIP	cell line	/targets/ADAT1-human/	ADAT1	ADAT1	Homo sapiens K562	K562		eCLIP experiment on K562 against ADAT1	Gene Yeo, UCSD	ENCODE	released	/files/ENCFF139SOX/,/files/ENCFF306CFO/,/files/ENCFF383PNX/,/files/ENCFF863PXE/,/files/ENCFF082DUL/,/files/ENCFF409XLY/,/files/ENCFF635DUH/,/files/ENCFF986BPE/,/files/ENCFF839HQJ/,/files/ENCFF574XKZ/,/files/ENCFF379JWA/,/files/ENCFF398MQC/,/files/ENCFF050SYC/,/files/ENCFF770BZW/,/files/ENCFF768WOD/,/files/ENCFF376PWN/,/files/ENCFF858HTW/,/files/ENCFF759WDV/		ENCBS175JIH,ENCBS592SHU	1,2	1	ENCAB109YPJ	Homo sapiens	adult	53 years												/replicates/81f47894-e496-4c38-a425-cd17df5e4a69/,/replicates/675b040f-accf-45dd-bcdc-8e98c5f83fd5/				
/experiments/ENCSR937RSF/	ENCSR937RSF	eCLIP	eCLIP	cell line	/targets/RPS10-human/	RPS10	RPS10	Homo sapiens K562	K562		eCLIP experiment on K562 against RPS10	Gene Yeo, UCSD	ENCODE	released	/files/ENCFF136QXT/,/files/ENCFF101IFB/,/files/ENCFF384MOC/,/files/ENCFF207WNP/,/files/ENCFF773AYO/,/files/ENCFF838AUI/,/files/ENCFF219FMZ/,/files/ENCFF564AYC/,/files/ENCFF045PAR/,/files/ENCFF252EEK/,/files/ENCFF780EXS/,/files/ENCFF460AVS/,/files/ENCFF586MZN/,/files/ENCFF338MGY/,/files/ENCFF723JLS/,/files/ENCFF528GKU/,/files/ENCFF170RQH/,/files/ENCFF411DGR/		ENCBS039CVO,ENCBS505ILK	2,1	1	ENCAB391UDZ	Homo sapiens	adult	53 years												/replicates/e2e2d686-464f-4b34-83aa-8d79fad4a53b/,/replicates/ccd06f65-0f46-4a6f-8d6d-f970524969ae/				
/experiments/ENCSR179MPN/	ENCSR179MPN	eCLIP	eCLIP	cell line	/targets/RYBP-human/	RYBP	RYBP	Homo sapiens K562	K562		eCLIP experiment on K562 against RYBP	Gene Yeo, UCSD	ENCODE	released	/files/ENCFF604OCB/,/files/ENCFF264WXA/,/files/ENCFF824YGM/,/files/ENCFF422UZN/,/files/ENCFF501SLN/,/files/ENCFF945ORL/,/files/ENCFF835WIF/,/files/ENCFF515QLS/,/files/ENCFF925UUJ/,/files/ENCFF898AFN/,/files/ENCFF613ILE/,/files/ENCFF747XIS/,/files/ENCFF851PEL/,/files/ENCFF905GCD/,/files/ENCFF312VDN/,/files/ENCFF907OXS/,/files/ENCFF184EXI/,/files/ENCFF607DJS/		ENCBS592SHU,ENCBS175JIH	2,1	1	ENCAB686SDS	Homo sapiens	adult	53 years												/replicates/6c6fc826-b938-423e-ae06-223ddd235269/,/replicates/7eb6e674-6f1d-4270-9cfc-c63f3860cde4/				
/experiments/ENCSR168VUE/	ENCSR168VUE	eCLIP	eCLIP	cell line	/targets/MORC2-human/	MORC2	MORC2	Homo sapiens K562	K562		eCLIP experiment on K562 against MORC2	Gene Yeo, UCSD	ENCODE	released	/files/ENCFF470SFI/,/files/ENCFF456NCY/,/files/ENCFF669UWF/,/files/ENCFF463FPE/,/files/ENCFF695ABL/,/files/ENCFF200RUC/,/files/ENCFF683DXB/,/files/ENCFF164EHM/,/files/ENCFF449SZR/,/files/ENCFF765TNA/,/files/ENCFF363SQA/,/files/ENCFF474DAP/,/files/ENCFF112HAC/,/files/ENCFF899XIV/,/files/ENCFF605AFN/,/files/ENCFF078ORO/,/files/ENCFF045XQA/,/files/ENCFF694JTM/		ENCBS175JIH,ENCBS592SHU	1,2	1	ENCAB179RUB	Homo sapiens	adult	53 years												/replicates/dc7129a3-0d24-4bf8-aa0d-4b7cde649340/,/replicates/92d15840-d6b2-4090-be60-f4f4ea865a82/				
/experiments/ENCSR040QLV/	ENCSR040QLV	eCLIP	eCLIP	cell line	/targets/DDX21-human/	DDX21	DDX21	Homo sapiens K562	K562	GEO:GSE176736	eCLIP experiment on K562 against DDX21	Gene Yeo, UCSD	ENCODE	released	/files/ENCFF671GCD/,/files/ENCFF363TSA/,/files/ENCFF946SJB/,/files/ENCFF253EGX/,/files/ENCFF845KUG/,/files/ENCFF099RYM/,/files/ENCFF180UZN/,/files/ENCFF353WIB/,/files/ENCFF429PEL/,/files/ENCFF740MPP/,/files/ENCFF572GMO/,/files/ENCFF945XNS/,/files/ENCFF420HTZ/,/files/ENCFF559UQP/,/files/ENCFF455REV/,/files/ENCFF655QSG/,/files/ENCFF485TSN/,/files/ENCFF006QTI/,/files/ENCFF402AXI/,/files/ENCFF139OJJ/,/files/ENCFF371SNO/,/files/ENCFF005ZCI/,/files/ENCFF800GPC/,/files/ENCFF159PUC/,/files/ENCFF028CQB/,/files/ENCFF378OYA/		ENCBS126AJR,ENCBS658KIL	1,2	1	ENCAB315FWL	Homo sapiens	adult	53 years												/replicates/60f9db73-7de3-4d3d-b090-9c06a51065e4/,/replicates/973a6b67-4bcb-4127-a9e7-6b3b56efeda0/				
/experiments/ENCSR973HOJ/	ENCSR973HOJ	eCLIP	eCLIP	cell line	/targets/FXR2-human/	FXR2	FXR2	Homo sapiens HepG2	HepG2	GEO:GSE177979,RBPImage:FXR2	eCLIP experiment on HepG2 against FXR2	Gene Yeo, UCSD	ENCODE	released	/files/ENCFF733GMZ/,/files/ENCFF074OYO/,/files/ENCFF034XGK/,/files/ENCFF300OPL/,/files/ENCFF032TZM/,/files/ENCFF385GCC/,/files/ENCFF450CWZ/,/files/ENCFF499FPK/,/files/ENCFF934FRF/,/files/ENCFF410VWB/,/files/ENCFF815YGA/,/files/ENCFF246SBA/,/files/ENCFF004VKR/,/files/ENCFF939JDG/,/files/ENCFF157JBC/,/files/ENCFF500VOG/,/files/ENCFF528ZUW/,/files/ENCFF758DRK/,/files/ENCFF272DGX/,/files/ENCFF159MBO/,/files/ENCFF702QGF/,/files/ENCFF638WRZ/,/files/ENCFF483HFI/,/files/ENCFF445MKT/,/files/ENCFF149CJJ/,/files/ENCFF112MVG/		ENCBS074YUC,ENCBS575NGC	1,2	1	ENCAB069PGU	Homo sapiens	child	15 years												/replicates/a32473f7-852b-4b45-ad23-25e4e1532d1f/,/replicates/63fdc339-8a3d-41fd-96b3-91b48fdcae0b/				
/experiments/ENCSR580OFI/	ENCSR580OFI	eCLIP	eCLIP	cell line	/targets/SUPV3L1-human/	SUPV3L1	SUPV3L1	Homo sapiens K562	K562	GEO:GSE177420	eCLIP experiment on K562 against SUPV3L1	Gene Yeo, UCSD	ENCODE	released	/files/ENCFF171KZO/,/files/ENCFF987DVU/,/files/ENCFF813UKO/,/files/ENCFF126HSF/,/files/ENCFF620GJH/,/files/ENCFF852ZSI/,/files/ENCFF162ZXD/,/files/ENCFF956LBV/,/files/ENCFF091RCB/,/files/ENCFF009JLQ/,/files/ENCFF942LSK/,/files/ENCFF207VRH/,/files/ENCFF151FJE/,/files/ENCFF739HZG/,/files/ENCFF829FDR/,/files/ENCFF496FIX/,/files/ENCFF321VGW/,/files/ENCFF526SPD/,/files/ENCFF160AGW/,/files/ENCFF971TGH/,/files/ENCFF712HCB/,/files/ENCFF826MPO/,/files/ENCFF754WPL/,/files/ENCFF243VMV/,/files/ENCFF901ABJ/,/files/ENCFF239GPP/		ENCBS175JIH,ENCBS505ILK	1,2	1	ENCAB067CNB	Homo sapiens	adult	53 years												/replicates/83b0c9d1-888b-4c43-a5cc-d935e2e0a356/,/replicates/9e881a71-22c2-4a18-a7e9-e7202749620b/				
/experiments/ENCSR349CMI/	ENCSR349CMI	eCLIP	eCLIP	cell line	/targets/WDR43-human/	WDR43	WDR43	Homo sapiens K562	K562	GEO:GSE177231	eCLIP experiment on K562 against WDR43	Gene Yeo, UCSD	ENCODE	released	/files/ENCFF083HOA/,/files/ENCFF899IIA/,/files/ENCFF522XKE/,/files/ENCFF188RTW/,/files/ENCFF380CNM/,/files/ENCFF748FDO/,/files/ENCFF079JRB/,/files/ENCFF177SNO/,/files/ENCFF238XRJ/,/files/ENCFF445DOZ/,/files/ENCFF509FAF/,/files/ENCFF425HAU/,/files/ENCFF275AYL/,/files/ENCFF309ZSS/,/files/ENCFF580XQC/,/files/ENCFF912BRE/,/files/ENCFF463JRJ/,/files/ENCFF998NDS/,/files/ENCFF810LWT/,/files/ENCFF729AVB/,/files/ENCFF545IBP/,/files/ENCFF213FHW/,/files/ENCFF358QSY/,/files/ENCFF344QPA/,/files/ENCFF048QZQ/,/files/ENCFF244JER/		ENCBS517UIR,ENCBS318IMK	1,2	1	ENCAB350LKS	Homo sapiens	adult	53 years												/replicates/18e7fa26-b40c-4b65-8ade-0031394465a6/,/replicates/d84c7d01-7e14-4fe1-8b87-00917d1bd969/				
/experiments/ENCSR321PWZ/	ENCSR321PWZ	eCLIP	eCLIP	cell line	/targets/SRSF1-human/	SRSF1	SRSF1	Homo sapiens K562	K562		eCLIP experiment on K562 against SRSF1	Gene Yeo, UCSD	ENCODE	released	/files/ENCFF512IIH/,/files/ENCFF882KLC/,/files/ENCFF595NHE/,/files/ENCFF810FCS/,/files/ENCFF369EUU/,/files/ENCFF305QSS/,/files/ENCFF861ZKG/,/files/ENCFF455LQT/,/files/ENCFF751DNF/,/files/ENCFF517SBV/,/files/ENCFF222PLU/,/files/ENCFF784WKS/,/files/ENCFF487OCT/,/files/ENCFF969OHE/,/files/ENCFF223KVR/,/files/ENCFF126TAF/,/files/ENCFF080NSH/,/files/ENCFF829NRB/		ENCBS344MAK,ENCBS177POD	1,2	1	ENCAB916GNL	Homo sapiens	adult	53 years												/replicates/1be49f70-670a-4cd9-9511-a4d55726bae6/,/replicates/c944c400-2479-4f08-9ae5-7b99b56423b7/				
/experiments/ENCSR248TXP/	ENCSR248TXP	eCLIP	eCLIP	cell line	/targets/FXR1-human/	FXR1	FXR1	Homo sapiens K562	K562		eCLIP experiment on K562 against FXR1	Gene Yeo, UCSD	ENCODE	released	/files/ENCFF104LHO/,/files/ENCFF074ODK/,/files/ENCFF812FQP/,/files/ENCFF269EKI/,/files/ENCFF035ZCH/,/files/ENCFF212YVC/,/files/ENCFF744FES/,/files/ENCFF585TPA/,/files/ENCFF366EQZ/,/files/ENCFF630LBY/,/files/ENCFF072SZB/,/files/ENCFF805WPQ/,/files/ENCFF032HMG/,/files/ENCFF587FOC/,/files/ENCFF136CWQ/,/files/ENCFF568WRV/,/files/ENCFF147UIY/,/files/ENCFF931EOG/		ENCBS344MAK,ENCBS177POD	1,2	1	ENCAB076XDI	Homo sapiens	adult	53 years												/replicates/9efa8f45-08a4-483a-a6ea-e4a93fad28f1/,/replicates/87c16bd2-7c65-4716-8e11-e1a0699e5813/				
/experiments/ENCSR008MQM/	ENCSR008MQM	eCLIP	eCLIP	cell line	/targets/DDX43-human/	DDX43	DDX43	Homo sapiens K562	K562		eCLIP experiment on K562 against DDX43	Gene Yeo, UCSD	ENCODE	released	/files/ENCFF884KLU/,/files/ENCFF338ZLQ/,/files/ENCFF561HQU/,/files/ENCFF781FNG/,/files/ENCFF353FMJ/,/files/ENCFF006VBB/,/files/ENCFF845JPA/,/files/ENCFF199MLA/,/files/ENCFF848XEG/,/files/ENCFF251YSP/,/files/ENCFF768HEE/,/files/ENCFF245LIH/,/files/ENCFF032BJT/,/files/ENCFF456RNY/,/files/ENCFF520QYX/,/files/ENCFF199AAM/,/files/ENCFF894LGZ/,/files/ENCFF879CAU/		ENCBS592SHU,ENCBS175JIH	2,1	1	ENCAB412ETD	Homo sapiens	adult	53 years												/replicates/b5996a22-2601-46ab-9d48-906a37ec7c32/,/replicates/1e93987f-35d2-4473-9ecb-ca3e2538a4f1/				
/experiments/ENCSR631HUN/	ENCSR631HUN	eCLIP	eCLIP	cell line	/targets/DDX47-human/	DDX47	DDX47	Homo sapiens K562	K562		eCLIP experiment on K562 against DDX47	Gene Yeo, UCSD	ENCODE	released	/files/ENCFF375INH/,/files/ENCFF418BKS/,/files/ENCFF748LDX/,/files/ENCFF782BXA/,/files/ENCFF832UJF/,/files/ENCFF433TOE/,/files/ENCFF622JHF/,/files/ENCFF501UKO/,/files/ENCFF270ZTY/,/files/ENCFF107VSH/,/files/ENCFF278RTY/,/files/ENCFF602MAB/,/files/ENCFF766SEA/,/files/ENCFF228BKM/,/files/ENCFF252CWU/,/files/ENCFF470AXV/,/files/ENCFF590MBQ/,/files/ENCFF357XNG/		ENCBS177POD,ENCBS344MAK	2,1	1	ENCAB088DCV	Homo sapiens	adult	53 years												/replicates/a8b9d2a9-d98b-47c6-9d77-65564dbf4f60/,/replicates/055db16a-54c1-4da7-ae57-b46501965af9/				
/experiments/ENCSR381VNR/	ENCSR381VNR	eCLIP	eCLIP	cell line	/targets/SRSF9-human/	SRSF9	SRSF9	Homo sapiens K562	K562		eCLIP experiment on K562 against SRSF9	Gene Yeo, UCSD	ENCODE	released	/files/ENCFF460RIG/,/files/ENCFF826EHK/,/files/ENCFF934TLG/,/files/ENCFF937IDV/,/files/ENCFF870JPN/,/files/ENCFF181UTP/,/files/ENCFF476GSP/,/files/ENCFF706RBS/,/files/ENCFF267JVL/,/files/ENCFF817EMS/,/files/ENCFF629AZC/,/files/ENCFF054DXC/,/files/ENCFF613UUR/,/files/ENCFF860QZG/,/files/ENCFF781BNS/,/files/ENCFF392KXS/,/files/ENCFF580YBK/,/files/ENCFF430AOK/		ENCBS592SHU,ENCBS505ILK	2,1	1	ENCAB278ULX	Homo sapiens	adult	53 years												/replicates/fd0ebea6-bc8c-4c83-9f50-43e31c107639/,/replicates/9ae00c87-afd0-4a4c-86fe-59a048306ef8/				
/experiments/ENCSR391BBA/	ENCSR391BBA	eCLIP	eCLIP	cell line	/targets/EIF4E-human/	EIF4E	EIF4E	Homo sapiens K562	K562		eCLIP experiment on K562 against EIF4E	Gene Yeo, UCSD	ENCODE	released	/files/ENCFF230YKJ/,/files/ENCFF497YEF/,/files/ENCFF653YQW/,/files/ENCFF748VHF/,/files/ENCFF992OVY/,/files/ENCFF967PSC/,/files/ENCFF856EAY/,/files/ENCFF672ABQ/,/files/ENCFF530DZO/,/files/ENCFF327QRW/,/files/ENCFF952TZH/,/files/ENCFF069GNZ/,/files/ENCFF332VUJ/,/files/ENCFF412VGD/,/files/ENCFF897MSA/,/files/ENCFF371ZMR/,/files/ENCFF710OHE/,/files/ENCFF631OFD/		ENCBS177POD,ENCBS344MAK	2,1	1	ENCAB864VOP	Homo sapiens	adult	53 years												/replicates/5f55cc6e-bf5d-428d-9658-599897308342/,/replicates/9caffb98-e693-479c-a0a0-4d96b3deecd6/				
/experiments/ENCSR004VIR/	ENCSR004VIR	eCLIP	eCLIP	cell line	/targets/EEF2-human/	EEF2	EEF2	Homo sapiens K562	K562		eCLIP experiment on K562 against EEF2	Gene Yeo, UCSD	ENCODE	released	/files/ENCFF928PQT/,/files/ENCFF930FVO/,/files/ENCFF061EAB/,/files/ENCFF590IGQ/,/files/ENCFF641FYU/,/files/ENCFF740NJG/,/files/ENCFF322AZS/,/files/ENCFF796RNA/,/files/ENCFF468VOP/,/files/ENCFF696HGR/,/files/ENCFF432QLO/,/files/ENCFF548NSD/,/files/ENCFF296AYE/,/files/ENCFF431NBT/,/files/ENCFF781RUK/,/files/ENCFF810REG/,/files/ENCFF326ZRJ/,/files/ENCFF934DWG/		ENCBS177POD,ENCBS344MAK	2,1	1	ENCAB559BYO	Homo sapiens	adult	53 years												/replicates/cbcea055-9d9a-4988-b083-9cfa60826b93/,/replicates/e4364f51-9392-4226-9acd-a49861722f70/				
/experiments/ENCSR153STI/	ENCSR153STI	eCLIP	eCLIP	cell line	/targets/RNF187-human/	RNF187	RNF187	Homo sapiens K562	K562		eCLIP experiment on K562 against RNF187	Gene Yeo, UCSD	ENCODE	released	/files/ENCFF690HVR/,/files/ENCFF468HAG/,/files/ENCFF417CSC/,/files/ENCFF601TLX/,/files/ENCFF450QWZ/,/files/ENCFF996PJP/,/files/ENCFF786YMP/,/files/ENCFF656QLZ/,/files/ENCFF232YAI/,/files/ENCFF118LDB/,/files/ENCFF575PGQ/,/files/ENCFF663VSZ/,/files/ENCFF269GWR/,/files/ENCFF834BUB/,/files/ENCFF389PHE/,/files/ENCFF314MKS/,/files/ENCFF393WEC/,/files/ENCFF180QAF/		ENCBS175JIH,ENCBS592SHU	1,2	1	ENCAB212BNU	Homo sapiens	adult	53 years												/replicates/df97940a-5761-4d35-8411-a89e918ae5d5/,/replicates/0585a4b9-a713-44c8-a439-03dd087597ac/				
/experiments/ENCSR090LNQ/	ENCSR090LNQ	eCLIP	eCLIP	cell line	/targets/ELAVL1-human/	ELAVL1	ELAVL1	Homo sapiens K562	K562		eCLIP experiment on K562 against ELAVL1	Gene Yeo, UCSD	ENCODE	released	/files/ENCFF786UGT/,/files/ENCFF452ZWM/,/files/ENCFF022MBI/,/files/ENCFF150XON/,/files/ENCFF085ZSE/,/files/ENCFF245TBA/,/files/ENCFF948STA/,/files/ENCFF540EUV/,/files/ENCFF985QYQ/,/files/ENCFF667MNK/,/files/ENCFF631NUT/,/files/ENCFF642YDN/,/files/ENCFF856NLY/,/files/ENCFF742QQK/,/files/ENCFF566LNK/,/files/ENCFF797ZAP/,/files/ENCFF389DKM/,/files/ENCFF908EEH/		ENCBS177POD,ENCBS344MAK	2,1	1	ENCAB443AAH	Homo sapiens	adult	53 years												/replicates/273bb084-bffa-48eb-976a-e336c7d5730a/,/replicates/a65aac8a-81d1-4a5c-b7e0-fa33aa6fe0d8/				
/experiments/ENCSR100ARZ/	ENCSR100ARZ	eCLIP	eCLIP	cell line	/targets/RPS6-human/	RPS6	RPS6	Homo sapiens K562	K562		eCLIP experiment on K562 against RPS6	Gene Yeo, UCSD	ENCODE	released	/files/ENCFF915ASX/,/files/ENCFF182GNB/,/files/ENCFF231YMW/,/files/ENCFF508QDD/,/files/ENCFF414VIJ/,/files/ENCFF931MCZ/,/files/ENCFF568TFB/,/files/ENCFF085EPU/,/files/ENCFF457LIU/,/files/ENCFF929BBP/,/files/ENCFF505QFY/,/files/ENCFF013EJK/,/files/ENCFF338ZYM/,/files/ENCFF015KGC/,/files/ENCFF260ZOK/,/files/ENCFF368NLU/,/files/ENCFF018KHT/,/files/ENCFF209MVZ/		ENCBS177POD,ENCBS039CVO	2,1	1	ENCAB305KJD	Homo sapiens	adult	53 years												/replicates/a4dc7b64-1bd8-4b5c-b8f3-cf53d3591f93/,/replicates/9c73dad9-f66b-4e0d-8120-908b57056768/				
/experiments/ENCSR448GXJ/	ENCSR448GXJ	eCLIP	eCLIP	cell line	/targets/GARS-human/	GARS	GARS	Homo sapiens K562	K562		eCLIP experiment on K562 against GARS	Gene Yeo, UCSD	ENCODE	released	/files/ENCFF432GIZ/,/files/ENCFF530TJP/,/files/ENCFF212MXS/,/files/ENCFF548HWJ/,/files/ENCFF221NHT/,/files/ENCFF852FHN/,/files/ENCFF751AFU/,/files/ENCFF673SBQ/,/files/ENCFF358EEW/,/files/ENCFF039LSL/,/files/ENCFF293RPW/,/files/ENCFF945JTL/,/files/ENCFF371VBO/,/files/ENCFF223VLH/,/files/ENCFF390NMJ/,/files/ENCFF129LEK/,/files/ENCFF597FSD/,/files/ENCFF588BHZ/		ENCBS177POD,ENCBS344MAK	2,1	1	ENCAB009SWM	Homo sapiens	adult	53 years												/replicates/42092834-81cf-41ce-a7f5-f22d2c13f6ff/,/replicates/6ba55692-d2db-4a64-aaad-64c3d3cb417b/				
/experiments/ENCSR554UVB/	ENCSR554UVB	eCLIP	eCLIP	cell line	/targets/FMR1-human/	FMR1	FMR1	Homo sapiens K562	K562		eCLIP experiment on K562 against FMR1	Gene Yeo, UCSD	ENCODE	released	/files/ENCFF348IRX/,/files/ENCFF491YJX/,/files/ENCFF116JQY/,/files/ENCFF060SQN/,/files/ENCFF245BWO/,/files/ENCFF368DCQ/,/files/ENCFF999DYF/,/files/ENCFF295LNR/,/files/ENCFF201KFU/,/files/ENCFF271SFW/,/files/ENCFF906CLF/,/files/ENCFF524LLU/,/files/ENCFF066LUR/,/files/ENCFF033DLE/,/files/ENCFF630KXK/,/files/ENCFF944YNX/,/files/ENCFF320MZQ/,/files/ENCFF543KQW/		ENCBS344MAK,ENCBS177POD	1,2	1	ENCAB650WPE	Homo sapiens	adult	53 years												/replicates/7dff10c3-22eb-4fa0-95b8-7b14f7e2ec2f/,/replicates/6da2edf8-30fc-4d25-96a7-801164928c7d/				
/experiments/ENCSR256NCI/	ENCSR256NCI	eCLIP	eCLIP	cell line	/targets/APEX1-human/	APEX1	APEX1	Homo sapiens K562	K562		eCLIP experiment on K562 against APEX1	Gene Yeo, UCSD	ENCODE	released	/files/ENCFF785OLO/,/files/ENCFF495VVD/,/files/ENCFF229VXP/,/files/ENCFF111VDP/,/files/ENCFF055GIW/,/files/ENCFF504OBG/,/files/ENCFF674OZZ/,/files/ENCFF129GFV/,/files/ENCFF785VGC/,/files/ENCFF808VYJ/,/files/ENCFF934PME/,/files/ENCFF842TZP/,/files/ENCFF815YXB/,/files/ENCFF143NZE/,/files/ENCFF283WLS/,/files/ENCFF726TGL/,/files/ENCFF825GIW/,/files/ENCFF785DNN/		ENCBS177POD,ENCBS344MAK	2,1	1	ENCAB328DHC	Homo sapiens	adult	53 years												/replicates/30df440d-3914-4005-be1d-d1341fd3089d/,/replicates/55459854-4a81-408e-aa5e-bf67b94da837/				
/experiments/ENCSR767OEY/	ENCSR767OEY	eCLIP	eCLIP	cell line	/targets/FXR2-human/	FXR2	FXR2	Homo sapiens K562	K562		eCLIP experiment on K562 against FXR2	Gene Yeo, UCSD	ENCODE	released	/files/ENCFF232ODO/,/files/ENCFF581HLQ/,/files/ENCFF301ANL/,/files/ENCFF262HKO/,/files/ENCFF272ZMQ/,/files/ENCFF409EJS/,/files/ENCFF888QOX/,/files/ENCFF553NHT/,/files/ENCFF379JFL/,/files/ENCFF840LRC/,/files/ENCFF209HNC/,/files/ENCFF730SFB/,/files/ENCFF051IAD/,/files/ENCFF210KBV/,/files/ENCFF111LMZ/,/files/ENCFF366ZVI/,/files/ENCFF771QBQ/,/files/ENCFF822EID/		ENCBS039CVO,ENCBS177POD	1,2	1	ENCAB479NSE	Homo sapiens	adult	53 years												/replicates/5c9c6958-2096-438d-8c71-b273139b2470/,/replicates/4c4f6ac3-f436-4e46-8e0f-99e5639484c8/				
